data,valor,conta,detalhe,banco
2024-05-02,26162.3,Convenios,IPES,0
2024-05-02,560.0,Clinica,Pix,Conta Julio
2024-05-02,372.0,Laboratorio,Dinheiro,0
2024-05-02,40.0,Laboratorio,Pix,Conta Julio
2024-05-03,485.0,Laboratorio,Dinheiro,0
2024-05-03,270.0,Clinica,Pix,Conta Julio
2024-05-03,75.6,Laboratorio,Crédito,0
2024-05-03,321.0,Laboratorio,Pix,Conta Julio
2024-05-06,101.5,Laboratorio,Crédito,0
2024-05-06,254.0,Laboratorio,Pix,Conta Julio
2024-05-06,845.0,Laboratorio,Dinheiro,0
2024-05-07,843.0,Laboratorio,Dinheiro,0
2024-05-07,165.0,Laboratorio,Pix,Conta Julio
2024-05-07,100.0,Clinica,Débito,0
2024-05-07,1001.0,Clinica,Pix,Conta Julio
2024-05-07,574.0,Clinica,Crédito,0
2024-05-08,574.98,Laboratorio,Crédito,0
2024-05-08,164.25,Laboratorio,Pix,Conta Julio
2024-05-08,1534.0,Laboratorio,Dinheiro,0
2024-05-08,1500.0,Clinica,Pix,Conta Julio
2024-05-08,290.0,Clinica,Crédito,0
2024-05-09,2684.3,Convenios,SESI,0
2024-05-09,448.0,Clinica,Pix,Conta Julio
2024-05-09,318.0,Laboratorio,Pix,Conta Julio
2024-05-09,429.0,Laboratorio,Dinheiro,0
2024-05-10,75.98,Laboratorio,Pix,Conta Julio
2024-05-10,193.0,Laboratorio,Crédito,0
2024-05-10,390.0,Clinica,Crédito,0
2024-05-10,30.0,Clinica,Pix,Conta Julio
2024-05-10,193.0,Laboratorio,Dinheiro,0
2024-05-11,130.0,Clinica,Crédito,0
2024-05-13,290.0,Laboratorio,Dinheiro,0
2024-05-13,95.0,Clinica,Pix,Conta Julio
2024-05-14,354.0,Laboratorio,Dinheiro,0
2024-05-14,585.0,Clinica,Pix,Conta Julio
2024-05-14,50.0,Laboratorio,Pix,Conta Julio
2024-05-14,310.0,Clinica,Crédito,0
2024-05-14,424.83,Laboratorio,Crédito,0
2024-05-15,1150.0,Clinica,Crédito,0
2024-05-15,2010.0,Clinica,Pix,Conta Julio
2024-05-15,90.9,Laboratorio,Crédito,0
2024-05-15,862.0,Laboratorio,Dinheiro,0
2024-05-16,57.0,Laboratorio,Pix,Conta Julio
2024-05-16,671.9,Laboratorio,Crédito,0
2024-05-16,245.0,Clinica,Pix,Conta Julio
2024-05-16,220.0,Laboratorio,Dinheiro,0
2024-05-17,350.0,Laboratorio,Dinheiro,0
2024-05-17,290.6,Laboratorio,Crédito,0
2024-05-17,120.0,Clinica,Pix,Conta Julio
2024-05-17,382.0,Laboratorio,Pix,Conta Julio
2024-05-18,370.0,Clinica,Pix,Conta Julio
2024-05-18,11.0,Laboratorio,Pix,Conta Julio
2024-05-20,414.0,Clinica,Pix,Conta Julio
2024-05-20,420.0,Laboratorio,Dinheiro,0
2024-05-20,65.0,Laboratorio,Pix,Conta Julio
2024-05-21,950.0,Clinica,Pix,Conta Julio
2024-05-21,188.0,Laboratorio,Dinheiro,0
2024-05-21,125.0,Clinica,Débito,0
2024-05-21,21.0,Laboratorio,Crédito,0
2024-05-21,280.0,Clinica,Crédito,0
2024-05-22,378.0,Clinica,Pix,Conta Julio
2024-05-22,16900.05,Convenios,SUS,0
2024-05-22,484.0,Laboratorio,Pix,Conta Julio
2024-05-22,78.0,Laboratorio,Dinheiro,0
2024-05-22,186.4,Laboratorio,Crédito,0
2024-05-23,300.0,Laboratorio,Crédito,0
2024-05-23,458.0,Clinica,Crédito,0
2024-05-23,1620.0,Clinica,Pix,Conta Julio
2024-05-23,353.0,Laboratorio,Dinheiro,0
2024-05-23,680.0,Laboratorio,Pix,Conta Julio
2024-05-24,579.0,Laboratorio,Pix,Conta Julio
2024-05-24,205.0,Laboratorio,Dinheiro,0
2024-05-24,320.0,Clinica,Pix,Conta Julio
2024-05-24,310.0,Clinica,Crédito,0
2024-05-25,256.0,Laboratorio,Pix,Conta Julio
2024-05-25,235.0,Laboratorio,Dinheiro,0
2024-05-25,350.0,Clinica,Crédito,0
2024-05-25,480.0,Clinica,Pix,Conta Julio
2024-05-27,1135.0,Clinica,Pix,Conta Julio
2024-05-27,320.0,Laboratorio,Dinheiro,0
2024-05-27,59.0,Laboratorio,Pix,Conta Julio
2024-05-27,297.8,Laboratorio,Crédito,0
2024-05-27,100.0,Clinica,Débito,0
2024-05-27,685.0,Clinica,Crédito,0
2024-05-28,184.0,Clinica,Crédito,0
2024-05-28,298.0,Laboratorio,Pix,Conta Julio
2024-05-28,120.0,Laboratorio,Dinheiro,0
2024-05-28,21.0,Laboratorio,Crédito,0
2024-05-28,316.4,Laboratorio,Débito,0
2024-05-28,210.0,Clinica,Pix,Conta Julio
2024-05-29,580.0,Clinica,Crédito,0
2024-05-29,121.6,Laboratorio,Débito,0
2024-05-29,209.0,Laboratorio,Dinheiro,0
2024-05-29,2735.0,Clinica,Dinheiro,0
2024-05-29,30.8,Laboratorio,Crédito,0
2024-05-29,469.15,Laboratorio,Pix,Conta Julio
2024-05-29,1050.0,Clinica,Pix,Conta Julio
2024-05-29,17108.54,Convenios,IPES,0
2024-05-31,80.0,Clinica,Pix,Conta Julio
2024-05-31,170.0,Clinica,Dinheiro,0
2024-05-31,227.0,Laboratorio,Dinheiro,0
2024-05-31,390.0,Laboratorio,Pix,Conta Julio
2024-06-03,175.0,Clinica,Crédito,Mercado Pago
2024-06-03,1192.25,Clinica,Pix,Conta Julio
2024-06-03,183.0,Laboratorio,Débito,Santander
2024-06-03,175.5,Laboratorio,Crédito,Santander
2024-06-03,303.0,Laboratorio,Pix,Conta Julio
2024-06-03,149.0,Laboratorio,Dinheiro,0
2024-06-03,560.0,Clinica,Dinheiro,0
2024-06-04,495.0,Clinica,Crédito,Santander
2024-06-04,294.0,Laboratorio,Dinheiro,0
2024-06-04,63.0,Laboratorio,Pix,Conta Julio
2024-06-04,140.0,Clinica,Crédito,Mercado Pago
2024-06-04,3260.0,Clinica,Dinheiro,0
2024-06-04,685.0,Clinica,Pix,Conta Julio
2024-06-05,115.0,Laboratorio,Dinheiro,0
2024-06-05,912.0,Clinica,Pix,Conta Julio
2024-06-05,290.0,Clinica,Crédito,Mercado Pago
2024-06-05,3200.0,Clinica,Dinheiro,0
2024-06-05,580.0,Clinica,Crédito,Santander
2024-06-06,209.0,Laboratorio,Crédito,Santander
2024-06-06,450.0,Laboratorio,Pix,Conta Julio
2024-06-06,1370.0,Clinica,Crédito,Santander
2024-06-06,1882.0,Clinica,Dinheiro,0
2024-06-06,469.0,Laboratorio,Dinheiro,0
2024-06-06,214.0,Clinica,Pix,Conta Julio
2024-06-07,630.0,Clinica,Pix,Conta Julio
2024-06-07,328.0,Laboratorio,Dinheiro,0
2024-06-07,1935.0,Clinica,Dinheiro,0
2024-06-07,845.0,Clinica,Crédito,Santander
2024-06-08,15.0,Laboratorio,Dinheiro,0
2024-06-08,25.0,Laboratorio,Pix,Conta Julio
2024-06-10,703.3,Laboratorio,Crédito,Santander
2024-06-10,69.0,Laboratorio,Dinheiro,0
2024-06-10,1134.0,Clinica,Dinheiro,0
2024-06-10,153.0,Clinica,Pix,Conta Julio
2024-06-11,680.0,Clinica,Dinheiro,0
2024-06-11,370.25,Clinica,Pix,Conta Julio
2024-06-11,485.0,Laboratorio,Pix,Conta Julio
2024-06-11,2423.9,Convenios,SESI,0
2024-06-11,330.0,Laboratorio,Crédito,Mercado Pago
2024-06-11,175.0,Clinica,Crédito,Santander
2024-06-11,459.0,Laboratorio,Dinheiro,0
2024-06-12,35.0,Laboratorio,Pix,Conta Julio
2024-06-12,141.0,Clinica,Dinheiro,0
2024-06-12,220.0,Laboratorio,Dinheiro,0
2024-06-13,635.0,Clinica,Pix,Conta Julio
2024-06-13,310.0,Laboratorio,Dinheiro,0
2024-06-13,199.1,Clinica,Crédito,Santander
2024-06-13,90.9,Laboratorio,Crédito,Santander
2024-06-13,225.0,Laboratorio,Pix,Conta Julio
2024-06-13,215.9,Clinica,Crédito,Mercado Pago
2024-06-13,1459.0,Clinica,Dinheiro,0
2024-06-14,121.9,Laboratorio,Crédito,Santander
2024-06-14,389.0,Clinica,Dinheiro,0
2024-06-14,154.0,Laboratorio,Dinheiro,0
2024-06-14,175.0,Clinica,Crédito,Santander
2024-06-15,80.0,Laboratorio,Dinheiro,0
2024-06-15,350.0,Clinica,Dinheiro,0
2024-06-15,112.23,Laboratorio,Pix,Conta Julio
2024-06-15,160.0,Clinica,Pix,Conta Julio
2024-06-17,268.0,Laboratorio,Pix,Conta Julio
2024-06-17,836.0,Clinica,Dinheiro,0
2024-06-17,1124.0,Clinica,Pix,Conta Julio
2024-06-17,150.0,Clinica,Débito,Santander
2024-06-17,553.0,Laboratorio,Dinheiro,0
2024-06-18,120.0,Clinica,Pix,Conta Julio
2024-06-18,65.0,Laboratorio,Pix,Conta Julio
2024-06-18,180.0,Clinica,Débito,Santander
2024-06-18,39.5,Laboratorio,Crédito,Santander
2024-06-18,75.6,Laboratorio,Débito,Santander
2024-06-18,250.0,Clinica,Crédito,Mercado Pago
2024-06-18,315.0,Clinica,Crédito,Santander
2024-06-18,409.0,Laboratorio,Dinheiro,0
2024-06-18,30810.75,Convenios,IPES,0
2024-06-18,1702.0,Clinica,Dinheiro,0
2024-06-19,485.0,Clinica,Crédito,Santander
2024-06-19,201.8,Laboratorio,Crédito,Santander
2024-06-19,8.0,Laboratorio,Pix,Conta Julio
2024-06-19,420.0,Clinica,Pix,Conta Julio
2024-06-19,420.0,Laboratorio,Dinheiro,0
2024-06-19,290.0,Clinica,Crédito,Mercado Pago
2024-06-19,4255.0,Clinica,Dinheiro,0
2024-06-20,273.0,Laboratorio,Pix,Conta Julio
2024-06-20,445.0,Laboratorio,Dinheiro,0
2024-06-20,125.7,Laboratorio,Crédito,Santander
2024-06-20,740.0,Clinica,Pix,Conta Julio
2024-06-20,360.0,Clinica,Dinheiro,0
2024-06-20,175.0,Clinica,Crédito,Santander
2024-06-21,235.0,Laboratorio,Pix,Conta Julio
2024-06-21,17266.64,Convenios,SUS,0
2024-06-21,285.0,Laboratorio,Dinheiro,0
2024-06-21,1035.0,Clinica,Crédito,Santander
2024-06-21,1430.0,Clinica,Pix,Conta Julio
2024-06-21,140.0,Clinica,Dinheiro,0
2024-06-21,158.8,Laboratorio,Crédito,Santander
2024-06-22,90.0,Clinica,Pix,Conta Julio
2024-06-25,90.9,Laboratorio,Crédito,Santander
2024-06-25,400.0,Clinica,Pix,Conta Julio
2024-06-25,146.0,Laboratorio,Pix,Conta Julio
2024-06-25,1350.0,Clinica,Dinheiro,0
2024-06-25,70.0,Laboratorio,Dinheiro,0
2024-06-26,1200.0,Clinica,Dinheiro,0
2024-06-26,235.0,Laboratorio,Dinheiro,0
2024-06-26,290.0,Clinica,Crédito,Santander
2024-06-26,195.0,Laboratorio,Pix,Conta Julio
2024-06-26,550.0,Clinica,Pix,Conta Julio
2024-06-27,689.0,Laboratorio,Dinheiro,0
2024-06-27,2708.0,Clinica,Dinheiro,0
2024-06-27,630.0,Clinica,Pix,Conta Julio
2024-06-27,81.0,Laboratorio,Crédito,Santander
2024-06-27,655.0,Clinica,Crédito,Santander
2024-06-27,219.0,Laboratorio,Pix,Conta Julio
2024-06-28,165.1,Laboratorio,Crédito,Santander
2024-06-28,150.0,Clinica,Pix,Conta Julio
2024-06-28,555.0,Clinica,Dinheiro,0
2024-06-28,120.0,Laboratorio,Pix,Conta Julio
2024-06-28,140.0,Laboratorio,Débito,Santander
2024-06-28,54.0,Laboratorio,Dinheiro,0
2024-06-29,150.0,Clinica,Dinheiro,0
2024-07-01,46.0,Laboratorio,Dinheiro,0
2024-07-01,1035.0,Clinica,Pix,Conta Julio
2024-07-01,565.0,Clinica,Dinheiro,0
2024-07-01,35.0,Laboratorio,Pix,Conta Julio
2024-07-02,700.0,Clinica,Crédito,Santander
2024-07-02,730.0,Clinica,Pix,Conta Julio
2024-07-02,245.0,Laboratorio,Dinheiro,0
2024-07-02,193.8,Laboratorio,Crédito,Santander
2024-07-02,38.0,Laboratorio,Pix,Conta Julio
2024-07-02,1215.0,Clinica,Dinheiro,0
2024-07-03,75.6,Laboratorio,Crédito,Santander
2024-07-03,501.0,Laboratorio,Pix,Conta Julio
2024-07-03,1870.0,Clinica,Dinheiro,0
2024-07-03,2045.0,Clinica,Pix,Conta Julio
2024-07-03,580.0,Clinica,Crédito,Santander
2024-07-03,320.0,Laboratorio,Dinheiro,0
2024-07-04,880.0,Clinica,Dinheiro,0
2024-07-04,150.0,Clinica,Crédito,Mercado Pago
2024-07-04,400.0,Clinica,Pix,Conta Julio
2024-07-04,223.0,Laboratorio,Pix,Conta Julio
2024-07-04,860.0,Laboratorio,Dinheiro,0
2024-07-05,2380.0,Clinica,Dinheiro,0
2024-07-05,35.0,Laboratorio,Pix,Conta Julio
2024-07-05,425.0,Clinica,Crédito,Mercado Pago
2024-07-05,180.0,Clinica,Débito,Santander
2024-07-05,150.0,Clinica,Crédito,Santander
2024-07-05,950.0,Clinica,Pix,Conta Julio
2024-07-05,210.0,Laboratorio,Dinheiro,0
2024-07-06,40.0,Laboratorio,Pix,Conta Julio
2024-07-06,229.0,Laboratorio,Dinheiro,0
2024-07-06,150.0,Clinica,Dinheiro,0
2024-07-09,902.0,Laboratorio,Dinheiro,0
2024-07-09,80.0,Laboratorio,Pix,Conta Julio
2024-07-09,1480.0,Clinica,Dinheiro,0
2024-07-09,180.0,Clinica,Pix,Conta Julio
2024-07-10,140.0,Laboratorio,Crédito,Santander
2024-07-10,210.0,Clinica,Crédito,Mercado Pago
2024-07-10,555.0,Clinica,Dinheiro,0
2024-07-10,597.0,Laboratorio,Pix,Conta Julio
2024-07-10,50.0,Clinica,Pix,Conta Julio
2024-07-10,519.0,Laboratorio,Dinheiro,0
2024-07-11,80.0,Laboratorio,Pix,Conta Julio
2024-07-11,3121.0,Clinica,Dinheiro,0
2024-07-11,1315.0,Laboratorio,Dinheiro,0
2024-07-11,335.0,Clinica,Crédito,Mercado Pago
2024-07-11,52.0,Laboratorio,Crédito,Santander
2024-07-11,344.0,Clinica,Pix,Conta Julio
2024-07-11,460.0,Clinica,Crédito,Santander
2024-07-12,320.0,Laboratorio,Dinheiro,0
2024-07-12,492.0,Clinica,Dinheiro,0
2024-07-12,286.0,Clinica,Pix,Conta Julio
2024-07-12,128.0,Clinica,Débito,Santander
2024-07-12,24713.7,Convenios,IPES,0
2024-07-13,10.0,Laboratorio,Dinheiro,0
2024-07-15,175.0,Clinica,Crédito,Santander
2024-07-15,470.0,Clinica,Pix,Conta Julio
2024-07-15,90.0,Laboratorio,Pix,Conta Julio
2024-07-15,520.0,Clinica,Dinheiro,0
2024-07-15,112.4,Laboratorio,Crédito,Santander
2024-07-15,634.0,Laboratorio,Dinheiro,0
2024-07-16,18.0,Laboratorio,Pix,Conta Julio
2024-07-16,72.5,Laboratorio,Crédito,Santander
2024-07-16,704.0,Laboratorio,Dinheiro,0
2024-07-16,1665.0,Clinica,Dinheiro,0
2024-07-16,230.0,Clinica,Pix,Conta Julio
2024-07-17,650.0,Clinica,Pix,Conta Julio
2024-07-17,230.0,Clinica,Crédito,Mercado Pago
2024-07-17,1805.0,Clinica,Dinheiro,0
2024-07-17,333.0,Laboratorio,Dinheiro,0
2024-07-17,340.0,Laboratorio,Pix,Conta Julio
2024-07-17,720.0,Clinica,Crédito,Santander
2024-07-17,140.0,Laboratorio,Crédito,Mercado Pago
2024-07-18,2427.0,Clinica,Dinheiro,0
2024-07-18,280.0,Laboratorio,Dinheiro,0
2024-07-18,807.5,Clinica,Pix,Conta Julio
2024-07-18,305.0,Laboratorio,Pix,Conta Julio
2024-07-18,42.0,Laboratorio,Crédito,Santander
2024-07-18,150.0,Clinica,Débito,Santander
2024-07-18,280.0,Clinica,Crédito,Santander
2024-07-19,520.0,Clinica,Crédito,Santander
2024-07-19,67.0,Laboratorio,Pix,Conta Julio
2024-07-19,35.0,Laboratorio,Dinheiro,0
2024-07-19,1100.0,Clinica,Pix,Conta Julio
2024-07-19,810.0,Clinica,Dinheiro,0
2024-07-19,919.0,Clinica,Crédito,Mercado Pago
2024-07-20,190.0,Laboratorio,Dinheiro,0
2024-07-22,405.0,Laboratorio,Dinheiro,0
2024-07-22,131.88,Laboratorio,Pix,Conta Julio
2024-07-22,120.0,Clinica,Dinheiro,0
2024-07-23,24.0,Laboratorio,Pix,Conta Julio
2024-07-23,330.0,Clinica,Dinheiro,0
2024-07-23,400.0,Clinica,Pix,Conta Julio
2024-07-23,277.4,Laboratorio,Crédito,Santander
2024-07-23,215.0,Clinica,Crédito,Santander
2024-07-23,740.0,Laboratorio,Dinheiro,0
2024-07-24,14456.59,Convenios,SUS,0
2024-07-24,390.0,Laboratorio,Dinheiro,0
2024-07-24,275.0,Laboratorio,Pix,Conta Julio
2024-07-24,1450.0,Clinica,Pix,Conta Julio
2024-07-24,2395.0,Clinica,Dinheiro,0
2024-07-24,490.0,Clinica,Crédito,Mercado Pago
2024-07-24,21.0,Laboratorio,Crédito,Santander
2024-07-25,438.0,Laboratorio,Dinheiro,0
2024-07-25,758.0,Clinica,Pix,Conta Julio
2024-07-25,1340.0,Clinica,Dinheiro,0
2024-07-26,444.3,Laboratorio,Crédito,Santander
2024-07-26,581.0,Clinica,Pix,Conta Julio
2024-07-26,280.0,Clinica,Dinheiro,0
2024-07-26,40.0,Laboratorio,Pix,Conta Julio
2024-07-26,280.0,Clinica,Crédito,Santander
2024-07-26,156.9,Laboratorio,Débito,Santander
2024-07-27,60.0,Laboratorio,Dinheiro,0
2024-07-27,281.8,Laboratorio,Crédito,Mercado Pago
2024-07-27,185.0,Laboratorio,Pix,Conta Julio
2024-07-29,106.7,Laboratorio,Débito,Santander
2024-07-29,325.0,Laboratorio,Dinheiro,0
2024-07-30,1770.0,Clinica,Dinheiro,0
2024-07-30,396.0,Clinica,Crédito,Mercado Pago
2024-07-30,45.0,Laboratorio,Pix,Conta Julio
2024-07-30,420.0,Clinica,Pix,Conta Julio
2024-07-30,578.0,Clinica,Crédito,Santander
2024-07-30,340.0,Laboratorio,Dinheiro,0
2024-07-31,2460.0,Clinica,Dinheiro,0
2024-07-31,598.0,Laboratorio,Pix,Conta Julio
2024-07-31,1240.0,Clinica,Pix,Conta Julio
2024-07-31,258.0,Laboratorio,Dinheiro,0
2024-07-31,90.9,Laboratorio,Débito,Santander
2024-07-31,290.0,Clinica,Crédito,Mercado Pago
2024-07-31,248.7,Laboratorio,Crédito,Santander
2024-08-01,140.0,Clinica,Crédito,Mercado Pago
2024-08-01,150.0,Clinica,Crédito,Santander
2024-08-01,823.0,Clinica,Pix,Conta Julio
2024-08-01,655.0,Laboratorio,Dinheiro,0
2024-08-01,270.0,Laboratorio,Pix,Conta Julio
2024-08-01,343.86,Laboratorio,Crédito,Santander
2024-08-01,1572.0,Clinica,Dinheiro,0
2024-08-02,743.0,Clinica,Crédito,Santander
2024-08-02,3370.0,Clinica,Dinheiro,0
2024-08-02,60.5,Laboratorio,Crédito,Santander
2024-08-02,726.0,Clinica,Pix,Conta Julio
2024-08-02,135.0,Laboratorio,Dinheiro,0
2024-08-02,156.0,Laboratorio,Débito,Santander
2024-08-02,60.0,Laboratorio,Pix,Conta Julio
2024-08-03,220.0,Clinica,Pix,Conta Julio
2024-08-03,170.0,Clinica,Dinheiro,0
2024-08-03,390.0,Clinica,Crédito,Santander
2024-08-05,70.0,Clinica,Dinheiro,0
2024-08-05,179.0,Laboratorio,Dinheiro,0
2024-08-05,704.0,Laboratorio,Pix,Conta Julio
2024-08-06,419.0,Laboratorio,Dinheiro,0
2024-08-06,187.0,Clinica,Dinheiro,0
2024-08-06,566.53,Laboratorio,Crédito,Santander
2024-08-07,2027.0,Clinica,Dinheiro,0
2024-08-07,580.0,Clinica,Crédito,Mercado Pago
2024-08-07,1509.0,Clinica,Pix,Conta Julio
2024-08-07,145.0,Laboratorio,Dinheiro,0
2024-08-07,290.0,Clinica,Crédito,Santander
2024-08-07,244.0,Laboratorio,Pix,Conta Julio
2024-08-08,102.19,Laboratorio,Crédito,Santander
2024-08-08,270.0,Laboratorio,Dinheiro,0
2024-08-08,250.0,Clinica,Crédito,Santander
2024-08-08,265.0,Laboratorio,Pix,Conta Julio
2024-08-08,2036.0,Clinica,Dinheiro,0
2024-08-08,684.0,Clinica,Pix,Conta Julio
2024-08-09,50.2,Laboratorio,Débito,Santander
2024-08-09,913.0,Clinica,Dinheiro,0
2024-08-09,457.0,Laboratorio,Pix,Conta Julio
2024-08-09,120.0,Clinica,Pix,Conta Julio
2024-08-09,63.0,Laboratorio,Dinheiro,0
2024-08-10,28.0,Laboratorio,Crédito,Santander
2024-08-10,190.0,Laboratorio,Dinheiro,0
2024-08-10,114.0,Clinica,Dinheiro,0
2024-08-12,350.0,Clinica,Pix,Conta Julio
2024-08-12,130.0,Clinica,Dinheiro,0
2024-08-12,225.0,Laboratorio,Dinheiro,0
2024-08-12,175.0,Clinica,Crédito,Mercado Pago
2024-08-12,182.9,Laboratorio,Crédito,Santander
2024-08-13,447.0,Clinica,Pix,Conta Julio
2024-08-13,19.0,Laboratorio,Pix,Conta Julio
2024-08-13,127.1,Laboratorio,Crédito,Santander
2024-08-13,771.0,Clinica,Crédito,Santander
2024-08-13,1615.0,Clinica,Dinheiro,0
2024-08-14,717.0,Clinica,Pix,Conta Julio
2024-08-14,1142.0,Clinica,Dinheiro,0
2024-08-14,250.0,Laboratorio,Pix,Conta Julio
2024-08-14,2100.55,Convenios,SESI,0
2024-08-14,310.0,Laboratorio,Dinheiro,0
2024-08-14,290.0,Clinica,Crédito,Santander
2024-08-15,135.0,Laboratorio,Pix,Conta Julio
2024-08-15,21318.89,Convenios,SUS,0
2024-08-15,410.0,Clinica,Dinheiro,0
2024-08-15,440.0,Laboratorio,Dinheiro,0
2024-08-15,124.0,Clinica,Pix,Conta Julio
2024-08-15,580.0,Clinica,Crédito,Santander
2024-08-15,291.2,Laboratorio,Crédito,Santander
2024-08-16,1580.0,Clinica,Dinheiro,0
2024-08-16,115.0,Laboratorio,Dinheiro,0
2024-08-16,300.0,Laboratorio,Pix,Conta Julio
2024-08-16,260.0,Clinica,Pix,Conta Julio
2024-08-16,161.0,Laboratorio,Crédito,Santander
2024-08-16,140.0,Clinica,Débito,Santander
2024-08-16,985.0,Clinica,Crédito,Santander
2024-08-17,98.0,Laboratorio,Pix,Conta Julio
2024-08-17,75.0,Laboratorio,Dinheiro,0
2024-08-19,114.0,Laboratorio,Pix,Conta Julio
2024-08-19,171.0,Clinica,Crédito,Santander
2024-08-19,328.0,Clinica,Pix,Conta Julio
2024-08-19,100.0,Clinica,Dinheiro,0
2024-08-20,170.0,Clinica,Pix,Conta Julio
2024-08-20,157.0,Laboratorio,Pix,Conta Julio
2024-08-20,400.0,Laboratorio,Dinheiro,0
2024-08-20,135.0,Laboratorio,Crédito,Santander
2024-08-20,2565.0,Clinica,Dinheiro,0
2024-08-20,341.0,Clinica,Crédito,Santander
2024-08-21,731.0,Clinica,Pix,Conta Julio
2024-08-21,470.0,Clinica,Crédito,Santander
2024-08-21,320.8,Laboratorio,Crédito,Santander
2024-08-21,290.0,Clinica,Crédito,Mercado Pago
2024-08-21,1633.0,Clinica,Dinheiro,0
2024-08-21,560.0,Laboratorio,Dinheiro,0
2024-08-22,950.0,Clinica,Pix,Conta Julio
2024-08-22,943.0,Clinica,Crédito,Santander
2024-08-22,540.0,Laboratorio,Dinheiro,0
2024-08-22,2514.0,Clinica,Dinheiro,0
2024-08-23,100.0,Laboratorio,Dinheiro,0
2024-08-23,737.0,Clinica,Dinheiro,0
2024-08-23,34.0,Laboratorio,Pix,Conta Julio
2024-08-23,615.0,Clinica,Crédito,Santander
2024-08-23,120.0,Clinica,Pix,Conta Julio
2024-08-24,380.0,Laboratorio,Pix,Conta Julio
2024-08-24,62.7,Laboratorio,Crédito,Santander
2024-08-26,120.0,Laboratorio,Dinheiro,0
2024-08-26,250.0,Clinica,Dinheiro,0
2024-08-26,140.0,Laboratorio,Pix,Conta Julio
2024-08-27,911.0,Clinica,Dinheiro,0
2024-08-27,135.0,Laboratorio,Dinheiro,0
2024-08-27,80.0,Laboratorio,Pix,Conta Julio
2024-08-27,335.0,Clinica,Pix,Conta Julio
2024-08-28,380.0,Laboratorio,Dinheiro,0
2024-08-28,630.0,Clinica,Dinheiro,0
2024-08-28,33118.85,Convenios,IPES,0
2024-08-28,235.0,Laboratorio,Pix,Conta Julio
2024-08-28,505.1,Laboratorio,Crédito,Santander
2024-08-28,170.0,Clinica,Pix,Conta Julio
2024-08-29,10.0,Laboratorio,Pix,Conta Julio
2024-08-29,52.0,Laboratorio,Crédito,Mercado Pago
2024-08-29,435.0,Laboratorio,Dinheiro,0
2024-08-29,500.0,Clinica,Dinheiro,0
2024-08-29,250.0,Clinica,Crédito,Mercado Pago
2024-08-30,48.7,Laboratorio,Crédito,Santander
2024-08-30,895.0,Clinica,Pix,Conta Julio
2024-08-30,665.0,Clinica,Dinheiro,0
2024-08-30,200.0,Laboratorio,Pix,Conta Julio
2024-08-30,265.0,Clinica,Crédito,Santander
2024-08-31,230.0,Laboratorio,Dinheiro,0
2024-08-31,170.0,Clinica,Pix,Conta Julio
2024-08-31,340.0,Clinica,Dinheiro,0
2024-09-02,136.0,Clinica,Pix,Conta Julio
2024-09-02,180.0,Clinica,Crédito,Santander
2024-09-02,280.0,Laboratorio,Dinheiro,0
2024-09-02,462.0,Laboratorio,Pix,Conta Julio
2024-09-02,147.62,Laboratorio,Crédito,Santander
2024-09-02,621.0,Clinica,Dinheiro,0
2024-09-03,781.0,Laboratorio,Dinheiro,0
2024-09-03,16.0,Laboratorio,Pix,Conta Julio
2024-09-03,475.0,Clinica,Pix,Conta Julio
2024-09-03,774.0,Clinica,Dinheiro,0
2024-09-04,270.0,Laboratorio,Dinheiro,0
2024-09-04,305.0,Laboratorio,Pix,Conta Julio
2024-09-04,2320.0,Clinica,Dinheiro,0
2024-09-04,500.0,Clinica,Pix,Conta Julio
2024-09-04,230.0,Clinica,Crédito,Mercado Pago
2024-09-05,302.66,Laboratorio,Crédito,Santander
2024-09-05,1622.0,Clinica,Dinheiro,0
2024-09-05,108.0,Clinica,Crédito,Santander
2024-09-05,180.0,Laboratorio,Dinheiro,0
2024-09-05,130.0,Laboratorio,Pix,Conta Julio
2024-09-05,19.0,Clinica,Pix,Conta Julio
2024-09-05,977.0,Clinica,Crédito,Mercado Pago
2024-09-06,459.0,Clinica,Dinheiro,0
2024-09-06,198.0,Clinica,Pix,Conta Julio
2024-09-06,506.0,Laboratorio,Dinheiro,0
2024-09-06,280.0,Clinica,Crédito,Santander
2024-09-09,438.0,Laboratorio,Dinheiro,0
2024-09-09,600.0,Clinica,Dinheiro,0
2024-09-09,249.0,Laboratorio,Pix,Conta Julio
2024-09-09,13.2,Laboratorio,Crédito,Santander
2024-09-10,710.0,Laboratorio,Dinheiro,0
2024-09-10,920.0,Laboratorio,Pix,Conta Julio
2024-09-10,1854.85,Convenios,SESI,0
2024-09-10,320.0,Clinica,Dinheiro,0
2024-09-10,230.0,Clinica,Crédito,Mercado Pago
2024-09-10,140.0,Clinica,Crédito,Santander
2024-09-10,200.0,Clinica,Pix,Conta Julio
2024-09-11,195.0,Clinica,Débito,Mercado Pago
2024-09-11,610.0,Laboratorio,Dinheiro,0
2024-09-11,1160.0,Clinica,Crédito,Santander
2024-09-11,1135.0,Clinica,Pix,Conta Julio
2024-09-11,2932.0,Clinica,Dinheiro,0
2024-09-12,460.0,Clinica,Crédito,Mercado Pago
2024-09-12,224.0,Clinica,Pix,Conta Julio
2024-09-12,214.0,Laboratorio,Pix,Conta Julio
2024-09-12,496.0,Laboratorio,Dinheiro,0
2024-09-12,120.0,Clinica,Débito,Mercado Pago
2024-09-12,250.0,Laboratorio,Crédito,Mercado Pago
2024-09-12,650.0,Clinica,Dinheiro,0
2024-09-12,166.1,Laboratorio,Crédito,Santander
2024-09-12,400.0,Clinica,Crédito,Santander
2024-09-13,1384.0,Clinica,Dinheiro,0
2024-09-13,29.7,Laboratorio,Crédito,Santander
2024-09-13,230.0,Laboratorio,Dinheiro,0
2024-09-13,370.0,Clinica,Pix,Conta Julio
2024-09-13,880.0,Clinica,Crédito,Santander
2024-09-14,530.0,Laboratorio,Pix,Conta Julio
2024-09-14,150.0,Clinica,Dinheiro,0
2024-09-14,142.0,Clinica,Pix,Conta Julio
2024-09-16,174.0,Laboratorio,Pix,Conta Julio
2024-09-16,130.0,Laboratorio,Dinheiro,0
2024-09-17,860.0,Clinica,Pix,Conta Julio
2024-09-17,9240.0,Convenios,SESI,0
2024-09-17,603.0,Laboratorio,Dinheiro,0
2024-09-17,892.0,Clinica,Dinheiro,0
2024-09-17,175.0,Clinica,Crédito,Santander
2024-09-17,379.0,Laboratorio,Pix,Conta Julio
2024-09-18,229.9,Laboratorio,Crédito,Santander
2024-09-18,154.0,Laboratorio,Dinheiro,0
2024-09-18,542.5,Clinica,Pix,Conta Julio
2024-09-18,22602.92,Convenios,SUS,0
2024-09-18,1190.0,Clinica,Dinheiro,0
2024-09-18,387.08,Laboratorio,Pix,Conta Julio
2024-09-18,290.0,Clinica,Crédito,Santander
2024-09-19,370.0,Clinica,Crédito,Santander
2024-09-19,2199.0,Clinica,Dinheiro,0
2024-09-19,200.0,Clinica,Débito,Santander
2024-09-19,345.0,Laboratorio,Dinheiro,0
2024-09-19,51.0,Laboratorio,Pix,Conta Julio
2024-09-19,17.6,Laboratorio,Crédito,Santander
2024-09-19,354.0,Clinica,Pix,Conta Julio
2024-09-20,145.9,Laboratorio,Crédito,Santander
2024-09-20,665.0,Laboratorio,Dinheiro,0
2024-09-20,140.0,Clinica,Crédito,Santander
2024-09-20,710.0,Clinica,Dinheiro,0
2024-09-20,295.0,Clinica,Pix,Conta Julio
2024-09-21,583.8,Laboratorio,Crédito,Santander
2024-09-21,120.0,Laboratorio,Pix,Conta Julio
2024-09-23,100.0,Clinica,Pix,Conta Julio
2024-09-23,967.0,Clinica,Dinheiro,0
2024-09-23,103.0,Laboratorio,Pix,Conta Julio
2024-09-23,31033.78,Convenios,IPES,0
2024-09-23,261.0,Laboratorio,Dinheiro,0
2024-09-23,697.0,Clinica,Crédito,Santander
2024-09-24,130.0,Clinica,Pix,Conta Julio
2024-09-24,594.0,Clinica,Dinheiro,0
2024-09-24,325.0,Laboratorio,Dinheiro,0
2024-09-24,150.0,Laboratorio,Pix,Conta Julio
2024-09-25,670.0,Clinica,Dinheiro,0
2024-09-25,855.0,Clinica,Crédito,Mercado Pago
2024-09-25,25.0,Laboratorio,Pix,Conta Julio
2024-09-25,200.0,Laboratorio,Dinheiro,0
2024-09-26,825.0,Clinica,Pix,Conta Julio
2024-09-26,690.0,Clinica,Crédito,Santander
2024-09-26,236.7,Laboratorio,Pix,Conta Julio
2024-09-26,2575.0,Clinica,Dinheiro,0
2024-09-26,83.0,Laboratorio,Dinheiro,0
2024-09-27,935.0,Clinica,Pix,Conta Julio
2024-09-27,332.0,Laboratorio,Pix,Conta Julio
2024-09-27,270.0,Laboratorio,Dinheiro,0
2024-09-27,2493.0,Clinica,Dinheiro,0
2024-09-28,710.0,Clinica,Dinheiro,0
2024-09-28,17.0,Laboratorio,Pix,Conta Julio
2024-09-28,142.0,Clinica,Pix,Conta Julio
2024-09-30,445.0,Clinica,Dinheiro,0
2024-09-30,680.0,Clinica,Pix,Conta Julio
2024-09-30,225.0,Laboratorio,Pix,Conta Julio
2024-09-30,30.0,Laboratorio,Dinheiro,0
2024-10-01,150.0,Clinica,Pix,Conta Julio
2024-10-01,540.0,Clinica,Dinheiro,0
2024-10-01,170.0,Laboratorio,Dinheiro,0
2024-10-01,775.0,Laboratorio,Pix,Conta Julio
2024-10-02,253.0,Laboratorio,Pix,Conta Julio
2024-10-02,225.0,Clinica,Pix,Conta Julio
2024-10-02,335.0,Clinica,Dinheiro,0
2024-10-02,252.0,Laboratorio,Dinheiro,0
2024-10-03,496.7,Laboratorio,Crédito,Santander
2024-10-03,30.0,Laboratorio,Pix,Conta Julio
2024-10-03,130.0,Clinica,Pix,Conta Julio
2024-10-03,415.0,Clinica,Crédito,Santander
2024-10-03,2180.0,Clinica,Dinheiro,0
2024-10-03,697.0,Laboratorio,Dinheiro,0
2024-10-04,140.0,Clinica,Crédito,Santander
2024-10-04,30.0,Laboratorio,Dinheiro,0
2024-10-04,260.0,Clinica,Dinheiro,0
2024-10-04,297.0,Laboratorio,Crédito,Santander
2024-10-04,225.0,Clinica,Pix,Conta Julio
2024-10-05,650.0,Clinica,Dinheiro,0
2024-10-05,290.0,Clinica,Crédito,Mercado Pago
2024-10-05,20.0,Laboratorio,Pix,Conta Julio
2024-10-05,28.0,Laboratorio,Débito,Santander
2024-10-05,580.0,Clinica,Crédito,Santander
2024-10-07,771.0,Clinica,Dinheiro,0
2024-10-07,1051.0,Clinica,Pix,Conta Julio
2024-10-07,530.0,Laboratorio,Dinheiro,0
2024-10-07,390.0,Laboratorio,Crédito,Mercado Pago
2024-10-07,270.0,Laboratorio,Pix,Conta Julio
2024-10-08,514.0,Laboratorio,Dinheiro,0
2024-10-08,64.0,Laboratorio,Pix,Conta Julio
2024-10-08,133.0,Clinica,Crédito,Mercado Pago
2024-10-08,392.0,Clinica,Crédito,Santander
2024-10-08,2976.0,Clinica,Dinheiro,0
2024-10-08,810.0,Clinica,Pix,Conta Julio
2024-10-09,1859.0,Clinica,Dinheiro,0
2024-10-09,563.0,Laboratorio,Dinheiro,0
2024-10-09,1030.0,Clinica,Pix,Conta Julio
2024-10-10,2606.0,Clinica,Dinheiro,0
2024-10-10,612.0,Laboratorio,Dinheiro,0
2024-10-10,88.0,Laboratorio,Pix,Conta Julio
2024-10-10,175.0,Clinica,Crédito,Santander
2024-10-10,150.0,Clinica,Pix,Conta Julio
2024-10-10,16.0,Laboratorio,Débito,Santander
2024-10-11,90.0,Clinica,Crédito,Santander
2024-10-11,325.0,Laboratorio,Pix,Conta Julio
2024-10-11,510.0,Clinica,Pix,Conta Julio
2024-10-11,60.8,Laboratorio,Crédito,Santander
2024-10-11,845.0,Clinica,Dinheiro,0
2024-10-11,164.0,Laboratorio,Dinheiro,0
2024-10-14,157.0,Laboratorio,Pix,Conta Julio
2024-10-14,629.8,Laboratorio,Crédito,Santander
2024-10-14,410.0,Clinica,Dinheiro,0
2024-10-14,365.0,Laboratorio,Dinheiro,0
2024-10-14,371.0,Clinica,Pix,Conta Julio
2024-10-15,1263.0,Convenios,SESI,0
2024-10-15,51.0,Laboratorio,Pix,Conta Julio
2024-10-15,1555.0,Clinica,Dinheiro,0
2024-10-15,1237.0,Laboratorio,Dinheiro,0
2024-10-15,1281.0,Clinica,Pix,Conta Julio
2024-10-16,405.0,Laboratorio,Dinheiro,0
2024-10-16,22439.12,Convenios,SUS,0
2024-10-16,120.0,Clinica,Pix,Conta Julio
2024-10-16,445.0,Clinica,Dinheiro,0
2024-10-16,64.0,Laboratorio,Pix,Conta Julio
2024-10-17,622.0,Clinica,Dinheiro,0
2024-10-17,125.0,Laboratorio,Dinheiro,0
2024-10-17,341.25,Clinica,Crédito,Santander
2024-10-17,410.0,Laboratorio,Pix,Conta Julio
2024-10-17,185.0,Clinica,Pix,Conta Julio
2024-10-17,630.0,Laboratorio,Crédito,Santander
2024-10-18,370.0,Clinica,Pix,Conta Julio
2024-10-18,77.0,Laboratorio,Débito,Santander
2024-10-18,297.0,Laboratorio,Dinheiro,0
2024-10-19,124.5,Laboratorio,Crédito,Mercado Pago
2024-10-19,60.0,Laboratorio,Dinheiro,0
2024-10-19,1690.0,Clinica,Dinheiro,0
2024-10-19,100.0,Laboratorio,Pix,Conta Julio
2024-10-19,95.0,Clinica,Pix,Conta Julio
2024-10-19,580.0,Clinica,Crédito,Santander
2024-10-21,92.0,Clinica,Débito,Santander
2024-10-21,1020.0,Clinica,Dinheiro,0
2024-10-21,622.0,Laboratorio,Dinheiro,0
2024-10-21,525.0,Clinica,Crédito,Santander
2024-10-21,538.21,Laboratorio,Crédito,Santander
2024-10-21,656.0,Clinica,Pix,Conta Julio
2024-10-22,155.0,Laboratorio,Dinheiro,0
2024-10-22,300.0,Laboratorio,Crédito,Santander
2024-10-22,870.0,Clinica,Dinheiro,0
2024-10-22,55.0,Laboratorio,Pix,Conta Julio
2024-10-22,30.0,Clinica,Pix,Conta Julio
2024-10-22,200.0,Clinica,Crédito,Santander
2024-10-22,32223.25,Convenios,IPES,0
2024-10-23,298.0,Clinica,Dinheiro,0
2024-10-23,290.0,Clinica,Crédito,Santander
2024-10-23,655.0,Clinica,Pix,Conta Julio
2024-10-23,359.9,Laboratorio,Dinheiro,0
2024-10-24,1566.0,Clinica,Crédito,Santander
2024-10-24,175.0,Clinica,Crédito,Mercado Pago
2024-10-24,908.0,Clinica,Pix,Conta Julio
2024-10-24,26.0,Laboratorio,Crédito,Santander
2024-10-24,3524.0,Clinica,Dinheiro,0
2024-10-24,29.0,Laboratorio,Pix,Conta Julio
2024-10-24,939.1,Laboratorio,Dinheiro,0
2024-10-25,690.0,Clinica,Crédito,Santander
2024-10-25,540.0,Clinica,Pix,Conta Julio
2024-10-25,1603.0,Clinica,Dinheiro,0
2024-10-25,100.0,Clinica,Débito,Santander
2024-10-25,293.0,Laboratorio,Dinheiro,0
2024-10-25,180.0,Laboratorio,Pix,Conta Julio
2024-10-26,1708.0,Clinica,Pix,Conta Julio
2024-10-26,580.0,Clinica,Crédito,Santander
2024-10-26,1430.0,Clinica,Dinheiro,0
2024-10-26,130.0,Laboratorio,Pix,Conta Julio
2024-10-26,195.0,Clinica,Débito,Santander
2024-10-26,228.0,Laboratorio,Dinheiro,0
2024-10-28,182.0,Clinica,Crédito,Santander
2024-10-28,560.0,Laboratorio,Dinheiro,0
2024-10-28,270.0,Clinica,Pix,Conta Julio
2024-10-28,550.0,Clinica,Dinheiro,0
2024-10-29,175.0,Clinica,Crédito,Santander
2024-10-29,750.0,Clinica,Dinheiro,0
2024-10-29,215.0,Laboratorio,Dinheiro,0
2024-10-29,257.0,Laboratorio,Pix,Conta Julio
2024-10-29,60.0,Clinica,Pix,Conta Julio
2024-10-30,440.0,Clinica,Pix,Conta Julio
2024-10-30,451.0,Laboratorio,Dinheiro,0
2024-10-30,670.23,Laboratorio,Crédito,Santander
2024-10-30,227.0,Laboratorio,Pix,Conta Julio
2024-10-31,600.0,Clinica,Pix,Conta Julio
2024-10-31,300.0,Laboratorio,Dinheiro,0
2024-10-31,1711.0,Clinica,Dinheiro,0
2024-10-31,190.0,Clinica,Crédito,Santander
2024-10-31,125.0,Clinica,Débito,Santander
2024-11-01,205.0,Clinica,Pix,Conta Julio
2024-11-01,470.0,Clinica,Dinheiro,0
2024-11-01,193.0,Laboratorio,Pix,Conta Julio
2024-11-04,1289.0,Clinica,Pix,Conta Julio
2024-11-04,1123.0,Clinica,Dinheiro,0
2024-11-04,1228.62,Laboratorio,Dinheiro,0
2024-11-05,209.29,Laboratorio,Crédito,Santander
2024-11-05,3135.0,Clinica,Dinheiro,0
2024-11-05,520.0,Clinica,Crédito,Santander
2024-11-05,120.0,Laboratorio,Pix,Conta Julio
2024-11-05,900.0,Clinica,Pix,Conta Julio
2024-11-05,620.0,Laboratorio,Dinheiro,0
2024-11-06,395.0,Laboratorio,Dinheiro,0
2024-11-06,500.0,Clinica,Pix,Conta Julio
2024-11-06,337.6,Laboratorio,Crédito,Santander
2024-11-06,580.0,Clinica,Crédito,Mercado Pago
2024-11-06,375.0,Clinica,Dinheiro,0
2024-11-06,190.0,Laboratorio,Pix,Conta Julio
2024-11-06,330.0,Clinica,Crédito,Santander
2024-11-07,1454.0,Clinica,Dinheiro,0
2024-11-07,926.36,Laboratorio,Dinheiro,0
2024-11-07,385.0,Clinica,Pix,Conta Julio
2024-11-07,503.7,Laboratorio,Pix,Conta Julio
2024-11-07,175.0,Clinica,Crédito,Santander
2024-11-07,30.0,Laboratorio,Crédito,Santander
2024-11-08,395.0,Laboratorio,Dinheiro,0
2024-11-08,1055.0,Clinica,Crédito,Santander
2024-11-08,221.68,Laboratorio,Pix,Conta Julio
2024-11-08,435.0,Clinica,Pix,Conta Julio
2024-11-08,747.0,Clinica,Dinheiro,0
2024-11-09,50.0,Laboratorio,Dinheiro,0
2024-11-09,170.0,Clinica,Pix,Conta Julio
2024-11-11,2311.55,Convenios,SESI,0
2024-11-11,551.0,Clinica,Pix,Conta Julio
2024-11-11,503.0,Clinica,Dinheiro,0
2024-11-11,18.7,Laboratorio,Crédito,Santander
2024-11-11,175.0,Clinica,Crédito,Santander
2024-11-11,120.0,Laboratorio,Pix,Conta Julio
2024-11-11,307.0,Laboratorio,Dinheiro,0
2024-11-12,1146.0,Clinica,Dinheiro,0
2024-11-12,69.3,Laboratorio,Crédito,Mercado Pago
2024-11-12,350.0,Laboratorio,Dinheiro,0
2024-11-12,445.0,Laboratorio,Pix,Conta Julio
2024-11-12,446.6,Laboratorio,Crédito,Santander
2024-11-12,1255.0,Clinica,Pix,Conta Julio
2024-11-12,24.0,Laboratorio,Débito,Santander
2024-11-13,140.6,Laboratorio,Pix,Conta Julio
2024-11-13,209.0,Clinica,Pix,Conta Julio
2024-11-13,45.1,Laboratorio,Débito,Santander
2024-11-13,552.08,Laboratorio,Crédito,Santander
2024-11-13,420.0,Clinica,Dinheiro,0
2024-11-13,50.6,Laboratorio,Débito,Mercado Pago
2024-11-13,726.0,Laboratorio,Dinheiro,0
2024-11-14,698.0,Clinica,Dinheiro,0
2024-11-14,306.0,Laboratorio,Dinheiro,0
2024-11-14,42.3,Laboratorio,Pix,Conta Julio
2024-11-14,600.0,Clinica,Crédito,Santander
2024-11-16,40.0,Clinica,Crédito,Santander
2024-11-18,390.0,Clinica,Dinheiro,0
2024-11-18,101.5,Laboratorio,Crédito,Santander
2024-11-18,395.0,Clinica,Pix,Conta Julio
2024-11-18,175.0,Clinica,Crédito,Mercado Pago
2024-11-18,96.0,Laboratorio,Pix,Conta Julio
2024-11-19,400.0,Clinica,Pix,Conta Julio
2024-11-19,127.63,Laboratorio,Crédito,Santander
2024-11-19,200.0,Clinica,Dinheiro,0
2024-11-19,266.0,Laboratorio,Pix,Conta Julio
2024-11-19,283.0,Laboratorio,Dinheiro,0
2024-11-19,24867.14,Convenios,SUS,0
2024-11-21,2505.0,Clinica,Dinheiro,0
2024-11-21,140.0,Laboratorio,Dinheiro,0
2024-11-21,310.0,Laboratorio,Pix,Conta Julio
2024-11-21,483.0,Clinica,Pix,Conta Julio
2024-11-21,454.0,Clinica,Crédito,Santander
2024-11-21,210.0,Clinica,Crédito,Mercado Pago
2024-11-22,387.0,Laboratorio,Dinheiro,0
2024-11-22,441.0,Clinica,Crédito,Santander
2024-11-22,1140.0,Clinica,Pix,Conta Julio
2024-11-22,1396.0,Clinica,Dinheiro,0
2024-11-22,178.0,Laboratorio,Pix,Conta Julio
2024-11-22,185.1,Laboratorio,Crédito,Santander
2024-11-22,26626.72,Convenios,IPES,0
2024-11-23,232.0,Laboratorio,Dinheiro,0
2024-11-23,125.0,Laboratorio,Pix,Conta Julio
2024-11-25,180.6,Clinica,Dinheiro,0
2024-11-25,150.0,Laboratorio,Pix,Conta Julio
2024-11-25,397.7,Laboratorio,Crédito,Santander
2024-11-25,175.0,Clinica,Crédito,Mercado Pago
2024-11-25,338.4,Laboratorio,Dinheiro,0
2024-11-25,413.0,Clinica,Pix,Conta Julio
2024-11-25,392.0,Clinica,Crédito,Santander
2024-11-26,51.6,Laboratorio,Pix,Conta Julio
2024-11-26,182.0,Clinica,Crédito,Santander
2024-11-26,427.0,Laboratorio,Dinheiro,0
2024-11-26,327.0,Clinica,Pix,Conta Julio
2024-11-26,980.0,Clinica,Dinheiro,0
2024-11-26,86.8,Laboratorio,Crédito,Santander
2024-11-27,250.0,Clinica,Crédito,Mercado Pago
2024-11-27,960.0,Clinica,Dinheiro,0
2024-11-27,305.0,Laboratorio,Pix,Conta Julio
2024-11-27,668.0,Clinica,Pix,Conta Julio
2024-11-27,345.0,Clinica,Crédito,Santander
2024-11-27,308.0,Laboratorio,Dinheiro,0
2024-11-28,36.0,Laboratorio,Pix,Conta Julio
2024-11-28,2259.0,Clinica,Dinheiro,0
2024-11-28,413.0,Laboratorio,Dinheiro,0
2024-11-28,720.0,Clinica,Pix,Conta Julio
2024-11-29,392.0,Laboratorio,Pix,Conta Julio
2024-11-29,9.0,Laboratorio,Dinheiro,0
2024-11-29,240.0,Clinica,Dinheiro,0
2024-11-29,704.0,Clinica,Pix,Conta Julio
2024-11-29,140.0,Clinica,Crédito,Santander
2024-11-30,293.0,Laboratorio,Pix,Conta Julio
2024-11-30,15.0,Laboratorio,Dinheiro,0
2024-11-30,33.27,Laboratorio,Crédito,Santander
2024-12-02,120.0,Laboratorio,Pix,Conta Julio
2024-12-02,34.83,Laboratorio,Crédito,Mercado Pago
2024-12-02,305.0,Clinica,Dinheiro,0
2024-12-02,520.0,Clinica,Pix,Conta Julio
2024-12-02,36.0,Clinica,Crédito,Mercado Pago
2024-12-02,112.0,Laboratorio,Dinheiro,0
2024-12-03,112.8,Laboratorio,Pix,Conta Julio
2024-12-03,405.0,Clinica,Crédito,Santander
2024-12-03,1190.0,Clinica,Pix,Conta Julio
2024-12-03,1725.0,Clinica,Dinheiro,0
2024-12-03,747.49,Laboratorio,Dinheiro,0
2024-12-04,28.0,Laboratorio,Pix,Conta Julio
2024-12-04,146.0,Laboratorio,Crédito,Mercado Pago
2024-12-04,840.0,Clinica,Pix,Conta Julio
2024-12-04,13.2,Laboratorio,Débito,Santander
2024-12-04,142.0,Laboratorio,Dinheiro,0
2024-12-04,250.0,Clinica,Crédito,Santander
2024-12-04,1140.0,Clinica,Dinheiro,0
2024-12-05,57.6,Laboratorio,Débito,Santander
2024-12-05,79.0,Laboratorio,Pix,Conta Julio
2024-12-05,169.0,Laboratorio,Dinheiro,0
2024-12-05,300.0,Clinica,Dinheiro,0
2024-12-05,90.0,Clinica,Pix,Conta Julio
2024-12-05,870.0,Clinica,Crédito,Mercado Pago
2024-12-05,95.0,Laboratorio,Crédito,Santander
2024-12-06,313.86,Laboratorio,Pix,Conta Julio
2024-12-06,1068.0,Clinica,Pix,Conta Julio
2024-12-06,210.0,Clinica,Débito,Santander
2024-12-06,237.4,Laboratorio,Crédito,Santander
2024-12-06,242.9,Laboratorio,Dinheiro,0
2024-12-06,640.0,Clinica,Dinheiro,0
2024-12-06,1362.0,Clinica,Crédito,Santander
2024-12-07,401.0,Laboratorio,Dinheiro,0
2024-12-07,35.0,Clinica,Dinheiro,0
2024-12-07,93.5,Clinica,Pix,Conta Julio
2024-12-07,119.58,Laboratorio,Débito,Mercado Pago
2024-12-07,280.0,Laboratorio,Pix,Conta Julio
2024-12-07,1190.0,Clinica,Crédito,Santander
2024-12-09,120.0,Clinica,Dinheiro,0
2024-12-09,3671.55,Convenios,SESI,0
2024-12-09,254.0,Laboratorio,Dinheiro,0
2024-12-09,305.0,Clinica,Pix,Conta Julio
2024-12-10,770.0,Clinica,Dinheiro,0
2024-12-10,315.0,Clinica,Pix,Conta Julio
2024-12-10,450.0,Laboratorio,Dinheiro,0
2024-12-10,28.0,Laboratorio,Pix,Conta Julio
2024-12-10,39.2,Laboratorio,Crédito,Mercado Pago
2024-12-11,414.0,Laboratorio,Dinheiro,0
2024-12-11,762.0,Laboratorio,Pix,Conta Julio
2024-12-11,550.0,Clinica,Pix,Conta Julio
2024-12-11,616.0,Clinica,Crédito,Santander
2024-12-11,750.0,Clinica,Dinheiro,0
2024-12-13,8.0,Laboratorio,Pix,Conta Julio
2024-12-13,683.0,Laboratorio,Dinheiro,0
2024-12-13,960.0,Clinica,Dinheiro,0
2024-12-13,460.0,Clinica,Pix,Conta Julio
2024-12-13,265.0,Clinica,Crédito,Santander
2024-12-14,180.0,Laboratorio,Pix,Conta Julio
2024-12-14,18.7,Laboratorio,Crédito,Santander
2024-12-16,425.0,Clinica,Dinheiro,0
2024-12-16,175.0,Clinica,Crédito,Mercado Pago
2024-12-16,413.0,Clinica,Pix,Conta Julio
2024-12-16,204.0,Laboratorio,Dinheiro,0
2024-12-16,1105.0,Clinica,Crédito,Santander
2024-12-17,235.7,Laboratorio,Crédito,Santander
2024-12-17,690.0,Clinica,Dinheiro,0
2024-12-17,580.0,Clinica,Pix,Conta Julio
2024-12-17,385.0,Clinica,Crédito,Mercado Pago
2024-12-17,532.0,Laboratorio,Dinheiro,0
2024-12-17,100.0,Laboratorio,Pix,Conta Julio
2024-12-18,243.5,Laboratorio,Crédito,Santander
2024-12-18,51.0,Laboratorio,Dinheiro,0
2024-12-18,555.0,Clinica,Dinheiro,0
2024-12-18,16.0,Laboratorio,Crédito,Mercado Pago
2024-12-18,290.0,Laboratorio,Pix,Conta Julio
2024-12-19,16.0,Laboratorio,Pix,Conta Julio
2024-12-19,140.0,Clinica,Crédito,Santander
2024-12-19,491.0,Laboratorio,Crédito,Mercado Pago
2024-12-19,195.0,Clinica,Débito,Santander
2024-12-19,139.0,Laboratorio,Dinheiro,0
2024-12-19,175.0,Clinica,Crédito,Mercado Pago
2024-12-19,662.0,Clinica,Dinheiro,0
2024-12-19,270.0,Clinica,Pix,Conta Julio
2024-12-20,2.0,Laboratorio,Dinheiro,0
2024-12-20,1658.0,Clinica,Crédito,Santander
2024-12-20,1860.0,Clinica,Dinheiro,0
2024-12-20,217.4,Laboratorio,Crédito,Santander
2024-12-20,234.0,Laboratorio,Pix,Conta Julio
2024-12-20,934.0,Clinica,Pix,Conta Julio
2024-12-21,277.0,Laboratorio,Pix,Conta Julio
2024-12-21,26.0,Laboratorio,Dinheiro,0
2024-12-21,127.0,Laboratorio,Crédito,Santander
2024-12-23,63.0,Clinica,Dinheiro,0
2024-12-26,370.0,Clinica,Pix,Conta Julio
2024-12-26,78.0,Laboratorio,Dinheiro,0
2024-12-26,104.09,Laboratorio,Crédito,Santander
2024-12-26,1250.0,Clinica,Crédito,Santander
2024-12-26,29664.91,Convenios,SUS,0
2024-12-26,34677.67,Convenios,IPES,0
2024-12-26,46.0,Laboratorio,Pix,Conta Julio
2024-12-26,370.0,Clinica,Dinheiro,0
2024-12-27,23.0,Laboratorio,Dinheiro,0
2024-12-27,240.0,Clinica,Pix,Conta Julio
2024-12-27,120.0,Clinica,Dinheiro,0
2024-12-28,300.0,Clinica,Pix,Conta Julio
2024-12-28,57.0,Laboratorio,Pix,Conta Julio
2024-12-28,16.0,Laboratorio,Dinheiro,0
2024-12-28,150.0,Clinica,Dinheiro,0
2024-12-30,400.0,Clinica,Dinheiro,0
2024-12-30,336.0,Clinica,Pix,Conta Julio
2024-12-30,16.0,Laboratorio,Dinheiro,0
2024-12-30,66.0,Laboratorio,Pix,Conta Julio
2025-01-02,274.0,Laboratorio,Dinheiro,0
2025-01-02,138.7,Laboratorio,Crédito,Santander
2025-01-02,308.0,Clinica,Dinheiro,0
2025-01-03,570.0,Clinica,Pix,Conta Julio
2025-01-03,665.9,Laboratorio,Dinheiro,0
2025-01-03,125.0,Clinica,Crédito,Mercado Pago
2025-01-03,690.0,Clinica,Crédito,Santander
2025-01-03,600.0,Clinica,Dinheiro,0
2025-01-03,120.0,Laboratorio,Pix,Conta Julio
2025-01-04,81.0,Laboratorio,Dinheiro,0
2025-01-06,16.0,Laboratorio,Pix,Conta Julio
2025-01-06,224.0,Laboratorio,Dinheiro,0
2025-01-07,16.0,Laboratorio,Débito,Santander
2025-01-07,40.0,Clinica,Crédito,Santander
2025-01-07,555.0,Laboratorio,Dinheiro,0
2025-01-07,483.0,Laboratorio,Pix,Conta Julio
2025-01-07,153.9,Laboratorio,Crédito,Mercado Pago
2025-01-07,210.0,Clinica,Pix,Conta Julio
2025-01-07,210.0,Clinica,Dinheiro,0
2025-01-08,1094.0,Laboratorio,Dinheiro,0
2025-01-08,558.0,Laboratorio,Pix,Conta Julio
2025-01-08,63.8,Laboratorio,Crédito,Santander
2025-01-08,530.0,Clinica,Dinheiro,0
2025-01-09,936.0,Clinica,Crédito,Santander
2025-01-09,404.0,Clinica,Dinheiro,0
2025-01-09,1006.68,Laboratorio,Crédito,Santander
2025-01-09,427.0,Laboratorio,Dinheiro,0
2025-01-09,67.55,Laboratorio,Crédito,Mercado Pago
2025-01-09,635.0,Clinica,Pix,Conta Julio
2025-01-09,276.0,Laboratorio,Pix,Conta Julio
2025-01-10,273.0,Clinica,Dinheiro,0
2025-01-10,360.0,Clinica,Pix,Conta Julio
2025-01-10,341.0,Laboratorio,Pix,Conta Julio
2025-01-10,646.0,Laboratorio,Dinheiro,0
2025-01-11,356.0,Laboratorio,Dinheiro,0
2025-01-11,10.0,Laboratorio,Pix,Conta Julio
2025-01-11,120.0,Clinica,Pix,Conta Julio
2025-01-13,182.0,Clinica,Crédito,Santander
2025-01-13,1145.0,Clinica,Dinheiro,0
2025-01-13,249.5,Laboratorio,Crédito,Santander
2025-01-13,159.0,Laboratorio,Dinheiro,0
2025-01-14,88.0,Laboratorio,Dinheiro,0
2025-01-14,380.0,Clinica,Pix,Conta Julio
2025-01-14,90.0,Clinica,Débito,Santander
2025-01-14,289.0,Clinica,Dinheiro,0
2025-01-14,158.0,Laboratorio,Pix,Conta Julio
2025-01-14,45.4,Laboratorio,Crédito,Santander
2025-01-15,175.0,Clinica,Crédito,Santander
2025-01-15,38.0,Laboratorio,Dinheiro,0
2025-01-15,1485.0,Convenios,SESI,0
2025-01-15,450.0,Clinica,Dinheiro,0
2025-01-15,140.0,Clinica,Crédito,Mercado Pago
2025-01-15,230.8,Laboratorio,Crédito,Santander
2025-01-16,413.0,Clinica,Dinheiro,0
2025-01-16,179.0,Laboratorio,Dinheiro,0
2025-01-17,395.0,Clinica,Pix,Conta Julio
2025-01-17,210.0,Clinica,Débito,Santander
2025-01-17,87.0,Laboratorio,Pix,Conta Julio
2025-01-17,145.9,Laboratorio,Dinheiro,0
2025-01-17,1070.0,Clinica,Dinheiro,0
2025-01-17,280.0,Clinica,Crédito,Santander
2025-01-17,21.0,Laboratorio,Crédito,Santander
2025-01-18,120.0,Clinica,Pix,Conta Julio
2025-01-18,224.0,Clinica,Dinheiro,0
2025-01-18,50.0,Clinica,Crédito,Santander
2025-01-18,57.0,Laboratorio,Dinheiro,0
2025-01-20,265.0,Laboratorio,Dinheiro,0
2025-01-20,603.0,Clinica,Dinheiro,0
2025-01-20,182.0,Clinica,Crédito,Santander
2025-01-20,240.0,Laboratorio,Pix,Conta Julio
2025-01-20,300.0,Clinica,Pix,Conta Julio
2025-01-21,180.0,Clinica,Crédito,Santander
2025-01-21,263.0,Laboratorio,Dinheiro,0
2025-01-21,215.0,Clinica,Dinheiro,0
2025-01-21,939.08,Laboratorio,Pix,Conta Julio
2025-01-22,410.0,Clinica,Dinheiro,0
2025-01-22,1050.33,Laboratorio,Dinheiro,0
2025-01-22,340.0,Clinica,Pix,Conta Julio
2025-01-22,146.59,Laboratorio,Pix,Conta Julio
2025-01-22,687.0,Laboratorio,Débito,Santander
2025-01-22,1306.78,Laboratorio,Crédito,Santander
2025-01-23,16509.39,Convenios,SUS,0
2025-01-23,488.84,Laboratorio,Dinheiro,0
2025-01-23,802.0,Clinica,Pix,Conta Julio
2025-01-23,140.0,Laboratorio,Crédito,Santander
2025-01-23,2361.0,Clinica,Dinheiro,0
2025-01-23,27.7,Laboratorio,Débito,Santander
2025-01-23,490.0,Clinica,Crédito,Santander
2025-01-24,429.68,Laboratorio,Dinheiro,0
2025-01-24,115.0,Laboratorio,Pix,Conta Julio
2025-01-24,600.0,Clinica,Crédito,Santander
2025-01-24,3160.0,Clinica,Dinheiro,0
2025-01-24,867.0,Clinica,Pix,Conta Julio
2025-01-25,403.68,Laboratorio,Crédito,Santander
2025-01-25,23.2,Laboratorio,Débito,Santander
2025-01-25,94.0,Laboratorio,Pix,Conta Julio
2025-01-27,367.41,Laboratorio,Dinheiro,0
2025-01-27,1030.0,Clinica,Dinheiro,0
2025-01-27,311.0,Clinica,Pix,Conta Julio
2025-01-27,220.2,Laboratorio,Pix,Conta Julio
2025-01-28,47.0,Laboratorio,Pix,Conta Julio
2025-01-28,699.0,Clinica,Pix,Conta Julio
2025-01-28,449.32,Laboratorio,Dinheiro,0
2025-01-28,430.0,Clinica,Crédito,Santander
2025-01-28,1354.75,Clinica,Dinheiro,0
2025-01-28,80.0,Clinica,Crédito,Mercado Pago
2025-01-29,740.6,Laboratorio,Crédito,Santander
2025-01-29,260.0,Clinica,Dinheiro,0
2025-01-29,240.0,Clinica,Pix,Conta Julio
2025-01-29,398.22,Laboratorio,Dinheiro,0
2025-01-30,140.0,Clinica,Crédito,Mercado Pago
2025-01-30,440.0,Clinica,Crédito,Santander
2025-01-30,205.9,Laboratorio,Dinheiro,0
2025-01-30,800.0,Clinica,Dinheiro,0
2025-01-30,25.0,Laboratorio,Pix,Conta Julio
2025-01-30,557.0,Clinica,Pix,Conta Julio
2025-01-30,59.2,Laboratorio,Crédito,Santander
2025-01-31,441.95,Laboratorio,Dinheiro,0
2025-01-31,45.4,Laboratorio,Débito,Santander
2025-01-31,381.0,Clinica,Pix,Conta Julio
2025-01-31,835.0,Clinica,Dinheiro,0
2025-01-31,230.0,Clinica,Débito,Santander
2025-01-31,175.0,Clinica,Crédito,Santander
2025-02-01,72.6,Laboratorio,Crédito,Mercado Pago
2025-02-01,215.0,Laboratorio,Dinheiro,0
2025-02-03,152.1,Laboratorio,Crédito,Santander
2025-02-03,180.0,Laboratorio,Dinheiro,0
2025-02-03,40.0,Clinica,Crédito,Santander
2025-02-03,407.0,Laboratorio,Pix,Conta Julio
2025-02-03,305.0,Clinica,Dinheiro,0
2025-02-03,8.0,Clinica,Débito,Santander
2025-02-03,150.0,Clinica,Pix,Conta Julio
2025-02-04,275.5,Clinica,Pix,Conta Julio
2025-02-04,240.0,Laboratorio,Dinheiro,0
2025-02-04,88.0,Clinica,Crédito,Santander
2025-02-04,185.0,Clinica,Dinheiro,0
2025-02-04,1006.88,Laboratorio,Crédito,Santander
2025-02-04,30.2,Laboratorio,Pix,Conta Julio
2025-02-04,749.86,Convenios,GEAP,0
2025-02-05,310.0,Clinica,Pix,Conta Julio
2025-02-05,222.0,Laboratorio,Pix,Conta Julio
2025-02-05,275.0,Clinica,Dinheiro,0
2025-02-05,1190.0,Laboratorio,Dinheiro,0
2025-02-06,2024.0,Clinica,Dinheiro,0
2025-02-06,788.0,Laboratorio,Dinheiro,0
2025-02-06,240.0,Clinica,Pix,Conta Julio
2025-02-06,517.1,Clinica,Crédito,Mercado Pago
2025-02-06,536.1,Laboratorio,Crédito,Santander
2025-02-07,700.0,Laboratorio,Dinheiro,0
2025-02-07,2.0,Laboratorio,Pix,Conta Julio
2025-02-07,2320.0,Clinica,Dinheiro,0
2025-02-07,675.0,Clinica,Crédito,Mercado Pago
2025-02-07,36601.88,Convenios,IPES,0
2025-02-07,460.0,Clinica,Crédito,Santander
2025-02-07,1065.75,Clinica,Pix,Conta Julio
2025-02-08,388.5,Laboratorio,Crédito,Santander
2025-02-08,306.3,Laboratorio,Crédito,Mercado Pago
2025-02-08,526.0,Clinica,Dinheiro,0
2025-02-08,42.7,Laboratorio,Débito,Santander
2025-02-08,70.0,Laboratorio,Pix,Conta Julio
2025-02-08,10.0,Laboratorio,Dinheiro,0
2025-02-10,352.0,Clinica,Crédito,Mercado Pago
2025-02-10,185.0,Clinica,Dinheiro,0
2025-02-10,520.0,Clinica,Pix,Conta Julio
2025-02-10,18.0,Laboratorio,Crédito,Mercado Pago
2025-02-10,15.0,Laboratorio,Pix,Conta Julio
2025-02-10,33.0,Laboratorio,Dinheiro,0
2025-02-11,340.0,Clinica,Débito,Santander
2025-02-11,140.0,Clinica,Crédito,Santander
2025-02-11,142.7,Laboratorio,Crédito,Santander
2025-02-11,214.0,Laboratorio,Pix,Conta Julio
2025-02-11,60.0,Clinica,Pix,Conta Julio
2025-02-11,303.0,Laboratorio,Dinheiro,0
2025-02-11,80.0,Clinica,Débito,Mercado Pago
2025-02-11,37.7,Laboratorio,Débito,Santander
2025-02-11,885.0,Clinica,Dinheiro,0
2025-02-12,195.0,Clinica,Débito,Mercado Pago
2025-02-12,476.0,Clinica,Pix,Conta Julio
2025-02-12,639.53,Laboratorio,Crédito,Santander
2025-02-12,20.0,Laboratorio,Dinheiro,0
2025-02-12,276.48,Laboratorio,Pix,Conta Julio
2025-02-12,765.0,Clinica,Dinheiro,0
2025-02-12,250.0,Clinica,Crédito,Mercado Pago
2025-02-13,1561.55,Convenios,SESI,0
2025-02-13,1360.0,Clinica,Dinheiro,0
2025-02-13,89.0,Laboratorio,Pix,Conta Julio
2025-02-13,520.0,Laboratorio,Dinheiro,0
2025-02-13,61.6,Laboratorio,Crédito,Mercado Pago
2025-02-13,795.0,Clinica,Pix,Conta Julio
2025-02-14,236.0,Laboratorio,Dinheiro,0
2025-02-14,620.0,Clinica,Pix,Conta Julio
2025-02-14,16.0,Laboratorio,Pix,Conta Julio
2025-02-14,499.0,Clinica,Dinheiro,0
2025-02-15,670.0,Clinica,Dinheiro,0
2025-02-15,320.0,Laboratorio,Dinheiro,0
2025-02-15,34.0,Laboratorio,Pix,Conta Julio
2025-02-17,635.0,Clinica,Pix,Conta Julio
2025-02-17,210.0,Clinica,Crédito,Mercado Pago
2025-02-17,534.3,Laboratorio,Débito,Santander
2025-02-17,262.0,Clinica,Dinheiro,0
2025-02-17,383.0,Laboratorio,Pix,Conta Julio
2025-02-18,221.0,Clinica,Crédito,Santander
2025-02-18,574.8,Clinica,Pix,Conta Julio
2025-02-18,17514.13,Convenios,SUS,0
2025-02-18,391.9,Laboratorio,Dinheiro,0
2025-02-18,995.0,Clinica,Dinheiro,0
2025-02-18,89.2,Laboratorio,Crédito,Mercado Pago
2025-02-19,354.0,Laboratorio,Dinheiro,0
2025-02-19,356.73,Laboratorio,Crédito,Santander
2025-02-19,490.0,Clinica,Dinheiro,0
2025-02-20,704.0,Clinica,Crédito,Santander
2025-02-20,120.0,Clinica,Pix,Conta Julio
2025-02-20,355.0,Clinica,Crédito,Mercado Pago
2025-02-20,386.0,Laboratorio,Dinheiro,0
2025-02-20,940.0,Clinica,Dinheiro,0
2025-02-20,38.8,Laboratorio,Pix,Conta Julio
2025-02-20,9.0,Laboratorio,Crédito,Mercado Pago
2025-02-21,34.2,Laboratorio,Crédito,Santander
2025-02-21,1028.0,Clinica,Dinheiro,0
2025-02-21,319.9,Laboratorio,Crédito,Mercado Pago
2025-02-21,1579.0,Clinica,Pix,Conta Julio
2025-02-21,140.0,Clinica,Crédito,Mercado Pago
2025-02-21,150.0,Clinica,Crédito,Santander
2025-02-21,470.0,Laboratorio,Dinheiro,0
2025-02-22,110.0,Laboratorio,Pix,Conta Julio
2025-02-22,225.0,Clinica,Dinheiro,0
2025-02-22,125.0,Clinica,Crédito,Santander
2025-02-22,198.2,Laboratorio,Crédito,Santander
2025-02-24,110.0,Laboratorio,Pix,Conta Julio
2025-02-24,397.0,Clinica,Dinheiro,0
2025-02-24,93.4,Laboratorio,Crédito,Santander
2025-02-24,450.0,Laboratorio,Dinheiro,0
2025-02-24,220.0,Clinica,Pix,Conta Julio
2025-02-25,30.0,Laboratorio,Dinheiro,0
2025-02-25,1054.0,Clinica,Pix,Conta Julio
2025-02-25,23.1,Laboratorio,Pix,Conta Julio
2025-02-25,276.9,Laboratorio,Crédito,Mercado Pago
2025-02-25,803.5,Laboratorio,Crédito,Santander
2025-02-25,1586.0,Clinica,Dinheiro,0
2025-02-25,175.0,Clinica,Crédito,Santander
2025-02-26,74119.76000000001,Convenios,IPES,0
2025-02-26,50.0,Clinica,Débito,Santander
2025-02-26,238.0,Laboratorio,Dinheiro,0
2025-02-26,147.0,Clinica,Dinheiro,0
2025-02-26,660.0,Clinica,Pix,Conta Julio
2025-02-26,27.0,Laboratorio,Pix,Conta Julio
2025-02-26,40.0,Clinica,Crédito,Mercado Pago
2025-02-26,180.0,Clinica,Crédito,Santander
2025-02-27,1040.0,Clinica,Pix,Conta Julio
2025-02-27,462.0,Laboratorio,Dinheiro,0
2025-02-27,433.1,Laboratorio,Débito,Mercado Pago
2025-02-27,75.4,Laboratorio,Crédito,Santander
2025-02-27,392.0,Clinica,Crédito,Santander
2025-02-27,390.0,Laboratorio,Pix,Conta Julio
2025-02-27,1761.1,Clinica,Dinheiro,0
2025-02-28,265.0,Clinica,Crédito,Mercado Pago
2025-02-28,497.0,Clinica,Pix,Conta Julio
2025-02-28,290.0,Laboratorio,Dinheiro,0
2025-02-28,709.0,Clinica,Dinheiro,0
2025-03-01,315.0,Laboratorio,Dinheiro,0
2025-03-01,327.0,Laboratorio,Pix,Conta Julio
2025-03-06,345.0,Laboratorio,Pix,Conta Julio
2025-03-06,443.0,Laboratorio,Dinheiro,0
2025-03-07,335.0,Clinica,Crédito,Mercado Pago
2025-03-07,1010.0,Clinica,Dinheiro,0
2025-03-07,388.8,Laboratorio,Pix,Conta Julio
2025-03-07,168.2,Laboratorio,Crédito,Mercado Pago
2025-03-07,354.0,Laboratorio,Dinheiro,0
2025-03-08,216.0,Laboratorio,Pix,Conta Julio
2025-03-08,25.0,Laboratorio,Dinheiro,0
2025-03-08,81.58,Laboratorio,Crédito,Mercado Pago
2025-03-10,260.0,Clinica,Pix,Conta Julio
2025-03-10,149.0,Laboratorio,Pix,Conta Julio
2025-03-10,392.0,Clinica,Crédito,Mercado Pago
2025-03-10,820.0,Clinica,Dinheiro,0
2025-03-10,218.21,Laboratorio,Dinheiro,0
2025-03-11,300.0,Clinica,Crédito,Mercado Pago
2025-03-11,902.79,Laboratorio,Dinheiro,0
2025-03-11,92.69,Laboratorio,Pix,Conta Julio
2025-03-11,60.0,Clinica,Pix,Conta Julio
2025-03-11,512.0,Laboratorio,Crédito,Mercado Pago
2025-03-11,1300.0,Clinica,Dinheiro,0
2025-03-12,233.5,Laboratorio,Crédito,Santander
2025-03-12,340.0,Clinica,Pix,Conta Julio
2025-03-12,269.0,Laboratorio,Dinheiro,0
2025-03-12,517.2,Laboratorio,Crédito,Mercado Pago
2025-03-12,290.0,Clinica,Dinheiro,0
2025-03-13,500.59,Laboratorio,Pix,Conta Julio
2025-03-13,1125.0,Clinica,Crédito,Santander
2025-03-13,1440.0,Clinica,Dinheiro,0
2025-03-13,195.0,Laboratorio,Débito,Santander
2025-03-13,285.0,Laboratorio,Dinheiro,0
2025-03-13,690.0,Clinica,Pix,Conta Julio
2025-03-14,792.6,Laboratorio,Dinheiro,0
2025-03-14,480.0,Clinica,Dinheiro,0
2025-03-14,731.7,Clinica,Pix,Conta Julio
2025-03-14,700.0,Clinica,Crédito,Santander
2025-03-14,26.7,Laboratorio,Crédito,Santander
2025-03-15,650.0,Laboratorio,Dinheiro,0
2025-03-15,50.0,Laboratorio,Pix,Conta Julio
2025-03-17,427.6,Laboratorio,Débito,Santander
2025-03-17,968.6,Laboratorio,Dinheiro,0
2025-03-17,867.4,Laboratorio,Crédito,Santander
2025-03-17,392.0,Clinica,Crédito,Mercado Pago
2025-03-17,305.0,Clinica,Pix,Conta Julio
2025-03-17,485.0,Clinica,Dinheiro,0
2025-03-18,38531.42,Convenios,IPES,0
2025-03-18,1455.0,Clinica,Dinheiro,0
2025-03-18,286.69,Laboratorio,Pix,Conta Julio
2025-03-18,1640.0,Clinica,Pix,Conta Julio
2025-03-19,155.0,Clinica,Dinheiro,0
2025-03-19,828.0,Laboratorio,Pix,Conta Julio
2025-03-19,38585.69,Convenios,IPES,0
2025-03-19,186.0,Laboratorio,Dinheiro,0
2025-03-19,60.0,Laboratorio,Crédito,Santander
2025-03-19,213.9,Laboratorio,Débito,Banese
2025-03-19,35.0,Clinica,Pix,Conta Julio
2025-03-20,350.0,Clinica,Pix,Conta Julio
2025-03-20,19.0,Laboratorio,Pix,Conta Julio
2025-03-20,15.0,Laboratorio,Dinheiro,0
2025-03-20,140.0,Clinica,Crédito,Santander
2025-03-20,700.0,Clinica,Dinheiro,0
2025-03-20,268.6,Laboratorio,Crédito,Santander
2025-03-20,1057.8,Convenios,SESI,0
2025-03-21,280.0,Clinica,Crédito,Santander
2025-03-21,775.4,Laboratorio,Crédito,Santander
2025-03-21,770.0,Clinica,Pix,Conta Julio
2025-03-21,548.0,Laboratorio,Dinheiro,0
2025-03-21,428.33,Laboratorio,Pix,Conta Julio
2025-03-21,1575.0,Clinica,Dinheiro,0
2025-03-22,720.0,Clinica,Dinheiro,0
2025-03-22,437.0,Laboratorio,Dinheiro,0
2025-03-22,358.2,Laboratorio,Pix,Conta Julio
2025-03-22,1304.38,Laboratorio,Crédito,Santander
2025-03-22,19068.42,Convenios,SUS,0
2025-03-22,240.0,Clinica,Pix,Conta Julio
2025-03-24,127.1,Laboratorio,Crédito,Banese
2025-03-24,225.0,Clinica,Dinheiro,0
2025-03-24,640.0,Clinica,Crédito,Banese
2025-03-24,185.0,Clinica,Pix,Conta Julio
2025-03-24,336.0,Laboratorio,Dinheiro,0
2025-03-25,384.8,Laboratorio,Crédito,Santander
2025-03-25,291.0,Laboratorio,Dinheiro,0
2025-03-25,300.0,Clinica,Crédito,Santander
2025-03-25,620.0,Clinica,Dinheiro,0
2025-03-25,440.0,Clinica,Pix,Conta Julio
2025-03-25,283.0,Laboratorio,Pix,Conta Julio
2025-03-26,300.0,Convenios,GEAP,0
2025-03-26,250.0,Clinica,Débito,Santander
2025-03-26,199.0,Clinica,Dinheiro,0
2025-03-26,379.1,Laboratorio,Crédito,Santander
2025-03-26,163.0,Laboratorio,Dinheiro,0
2025-03-26,40.0,Clinica,Crédito,Banese
2025-03-26,16.0,Laboratorio,Pix,Conta Julio
2025-03-26,44.0,Laboratorio,Crédito,Banese
2025-03-27,300.0,Clinica,Crédito,Santander
2025-03-27,515.0,Clinica,Pix,Conta Julio
2025-03-27,421.0,Laboratorio,Dinheiro,0
2025-03-27,780.0,Clinica,Dinheiro,0
2025-03-27,429.0,Laboratorio,Pix,Conta Julio
2025-03-28,1794.0,Clinica,Dinheiro,0
2025-03-28,463.1,Laboratorio,Crédito,Banese
2025-03-28,280.0,Clinica,Crédito,Banese
2025-03-28,390.0,Clinica,Crédito,Santander
2025-03-28,840.0,Clinica,Pix,Conta Julio
2025-03-28,426.92,Laboratorio,Dinheiro,0
2025-03-29,53.4,Laboratorio,Crédito,Santander
2025-03-29,30.0,Laboratorio,Dinheiro,0
2025-03-31,635.0,Clinica,Pix,Conta Julio
2025-03-31,689.0,Laboratorio,Dinheiro,0
2025-03-31,91.52,Laboratorio,Pix,Conta Julio
2025-03-31,865.0,Clinica,Dinheiro,0
2025-03-31,405.0,Clinica,Crédito,Santander
2025-03-31,195.0,Clinica,Débito,Santander
2025-04-01,351.2,Laboratorio,Crédito,Santander
2025-04-01,126.5,Laboratorio,Pix,Conta Julio
2025-04-01,648.26,Laboratorio,Dinheiro,0
2025-04-01,276.0,Clinica,Débito,Santander
2025-04-01,595.0,Clinica,Pix,Conta Julio
2025-04-01,641.0,Clinica,Dinheiro,0
2025-04-02,70.0,Laboratorio,Pix,Conta Julio
2025-04-02,161.3,Laboratorio,Crédito,Santander
2025-04-02,656.0,Laboratorio,Dinheiro,0
2025-04-02,155.0,Clinica,Dinheiro,0
2025-04-03,335.0,Clinica,Crédito,Banese
2025-04-03,203.0,Laboratorio,Dinheiro,0
2025-04-03,605.0,Clinica,Pix,Conta Julio
2025-04-03,262.0,Laboratorio,Pix,Conta Julio
2025-04-03,685.0,Clinica,Crédito,Santander
2025-04-03,213.8,Laboratorio,Crédito,Santander
2025-04-03,1945.0,Clinica,Dinheiro,0
2025-04-04,151.5,Laboratorio,Crédito,Santander
2025-04-04,420.0,Clinica,Crédito,Santander
2025-04-04,735.0,Clinica,Pix,Conta Julio
2025-04-04,270.0,Clinica,Dinheiro,0
2025-04-04,143.0,Laboratorio,Dinheiro,0
2025-04-04,35997.8,Convenios,IPES,0
2025-04-04,50.0,Laboratorio,Pix,Conta Julio
2025-04-05,119.6,Clinica,Crédito,Banese
2025-04-05,227.0,Laboratorio,Dinheiro,0
2025-04-07,1075.0,Clinica,Dinheiro,0
2025-04-07,62.7,Laboratorio,Crédito,Santander
2025-04-07,120.0,Clinica,Pix,Conta Julio
2025-04-07,374.5,Laboratorio,Crédito,Banese
2025-04-07,345.6,Laboratorio,Débito,Santander
2025-04-07,314.0,Laboratorio,Pix,Conta Julio
2025-04-07,836.0,Laboratorio,Dinheiro,0
2025-04-08,295.0,Clinica,Dinheiro,0
2025-04-08,624.38,Laboratorio,Pix,Conta Julio
2025-04-08,120.0,Clinica,Pix,Conta Julio
2025-04-08,654.0,Laboratorio,Dinheiro,0
2025-04-09,120.0,Clinica,Pix,Conta Julio
2025-04-09,135.3,Laboratorio,Crédito,Banese
2025-04-09,35.7,Laboratorio,Débito,Santander
2025-04-09,198.0,Laboratorio,Pix,Conta Julio
2025-04-09,248.0,Laboratorio,Dinheiro,0
2025-04-10,892.6,Laboratorio,Crédito,Santander
2025-04-10,1030.0,Clinica,Crédito,Santander
2025-04-10,296.0,Laboratorio,Pix,Conta Julio
2025-04-10,400.0,Clinica,Pix,Conta Julio
2025-04-10,390.0,Clinica,Crédito,Banese
2025-04-10,879.2,Laboratorio,Dinheiro,0
2025-04-10,51.2,Laboratorio,Débito,Santander
2025-04-10,1910.0,Clinica,Dinheiro,0
2025-04-11,277.74,Laboratorio,Pix,Conta Julio
2025-04-11,238.0,Laboratorio,Crédito,Santander
2025-04-11,883.0,Laboratorio,Dinheiro,0
2025-04-11,750.0,Convenios,GEAP,0
2025-04-11,1015.0,Clinica,Crédito,Santander
2025-04-11,2346.0,Clinica,Dinheiro,0
2025-04-11,685.0,Clinica,Pix,Conta Julio
2025-04-12,540.0,Clinica,Pix,Conta Julio
2025-04-12,340.0,Laboratorio,Dinheiro,0
2025-04-12,285.41,Laboratorio,Pix,Conta Julio
2025-04-12,290.0,Clinica,Crédito,Santander
2025-04-12,420.0,Clinica,Dinheiro,0
2025-04-14,640.0,Clinica,Pix,Conta Julio
2025-04-14,378.0,Laboratorio,Dinheiro,0
2025-04-14,209.0,Laboratorio,Pix,Conta Julio
2025-04-14,532.7,Laboratorio,Crédito,Santander
2025-04-14,910.0,Clinica,Dinheiro,0
2025-04-15,980.0,Clinica,Dinheiro,0
2025-04-15,163.8,Laboratorio,Crédito,Santander
2025-04-15,40.0,Clinica,Crédito,Banese
2025-04-15,19.0,Laboratorio,Pix,Conta Julio
2025-04-15,387.1,Laboratorio,Crédito,Banese
2025-04-15,966.0,Clinica,Crédito,Santander
2025-04-15,600.0,Laboratorio,Dinheiro,0
2025-04-15,45.0,Clinica,Débito,Santander
2025-04-15,300.0,Clinica,Pix,Conta Julio
2025-04-16,170.0,Clinica,Pix,Conta Julio
2025-04-16,810.0,Clinica,Dinheiro,0
2025-04-16,725.0,Clinica,Crédito,Santander
2025-04-16,793.85,Laboratorio,Dinheiro,0
2025-04-16,1337.6,Convenios,SESI,0
2025-04-17,42.9,Laboratorio,Débito,Santander
2025-04-17,1218.0,Clinica,Pix,Conta Julio
2025-04-17,1335.0,Clinica,Dinheiro,0
2025-04-17,40.0,Clinica,Débito,Santander
2025-04-17,194.74,Laboratorio,Dinheiro,0
2025-04-17,622.6,Laboratorio,Crédito,Santander
2025-04-17,850.0,Clinica,Crédito,Santander
2025-04-17,115.23,Laboratorio,Pix,Conta Julio
2025-04-22,102.0,Laboratorio,Dinheiro,0
2025-04-22,230.0,Clinica,Crédito,Santander
2025-04-22,750.0,Clinica,Pix,Conta Julio
2025-04-22,800.0,Clinica,Dinheiro,0
2025-04-22,120.0,Laboratorio,Pix,Conta Julio
2025-04-23,140.0,Clinica,Crédito,Santander
2025-04-23,40.0,Clinica,Débito,Santander
2025-04-23,120.0,Laboratorio,Pix,Conta Julio
2025-04-23,655.0,Clinica,Dinheiro,0
2025-04-23,136.0,Laboratorio,Dinheiro,0
2025-04-24,35.0,Laboratorio,Pix,Conta Julio
2025-04-24,1170.0,Clinica,Dinheiro,0
2025-04-24,19000.92,Convenios,SUS,0
2025-04-24,621.0,Clinica,Pix,Conta Julio
2025-04-24,195.0,Clinica,Débito,Santander
2025-04-24,18.7,Laboratorio,Crédito,Banese
2025-04-24,44.0,Laboratorio,Débito,Banese
2025-04-24,322.0,Laboratorio,Dinheiro,0
2025-04-24,690.0,Clinica,Crédito,Santander
2025-04-25,1405.0,Clinica,Dinheiro,0
2025-04-25,153.0,Laboratorio,Dinheiro,0
2025-04-25,79.99,Laboratorio,Pix,Conta Julio
2025-04-25,280.0,Clinica,Crédito,Santander
2025-04-25,315.0,Clinica,Crédito,Banese
2025-04-25,805.0,Clinica,Pix,Conta Julio
2025-04-26,283.0,Laboratorio,Dinheiro,0
2025-04-26,845.0,Clinica,Pix,Conta Julio
2025-04-26,152.0,Laboratorio,Pix,Conta Julio
2025-04-26,1020.0,Clinica,Crédito,Santander
2025-04-26,325.0,Laboratorio,Crédito,Santander
2025-04-26,380.4,Laboratorio,Débito,Santander
2025-04-26,695.0,Clinica,Dinheiro,0
2025-04-27,150.0,Clinica,Pix,Conta Julio
2025-04-28,550.0,Laboratorio,Pix,Conta Julio
2025-04-28,479.0,Laboratorio,Dinheiro,0
2025-04-28,392.0,Clinica,Crédito,Santander
2025-04-28,220.0,Clinica,Dinheiro,0
2025-04-28,425.3,Laboratorio,Crédito,Santander
2025-04-29,182.0,Clinica,Crédito,Santander
2025-04-29,210.0,Clinica,Crédito,Banese
2025-04-29,780.0,Clinica,Pix,Conta Julio
2025-04-29,129.9,Laboratorio,Crédito,Santander
2025-04-29,364.0,Laboratorio,Dinheiro,0
2025-04-29,40.0,Laboratorio,Pix,Conta Julio
2025-04-29,680.0,Clinica,Dinheiro,0
2025-04-30,31960.9,Convenios,IPES,0
2025-04-30,225.0,Laboratorio,Dinheiro,0
2025-04-30,800.0,Clinica,Dinheiro,0
2025-05-24,1500.0,Laboratorio,Débito,Santander
2025-05-24,1250.0,Laboratorio,Débito,Santander
2025-05-24,1.0,Laboratorio,Débito,Santander
2025-05-24,1.0,Laboratorio,Débito,Santander
2025-05-24,12000.0,Convenios,SESI,0
2025-05-24,1500.0,Laboratorio,Débito,Santander
2025-05-24,125.0,Laboratorio,Débito,Santander
2025-05-24,250.0,Clinica,Débito,Mercado Pago
2025-05-24,1500.0,Laboratorio,Débito,Santander
2025-05-24,250.0,Clinica,Débito,Mercado Pago
2025-05-24,12000.0,Convenios,SESI,0
2025-05-24,1500.0,Laboratorio,Débito,Santander
2025-05-24,12000.0,Convenios,SESI,0
2025-05-24,250.0,Clinica,Débito,Mercado Pago
2025-05-24,250.0,Clinica,Débito,Mercado Pago
2025-05-24,1500.0,Laboratorio,Débito,Santander
2025-05-24,1.0,Laboratorio,Débito,Santander
2025-05-24,125.0,Laboratorio,Débito,Santander
2025-05-24,1.0,Laboratorio,Débito,Santander
2025-05-27,120.0,Clinica,Crédito,Banese
